{
    "businessUnit": "AGR",
    "transactionType": "NB",
    "sourceSystem": "DMV",
    "policyStatus": "B",
    "company": {
        "name": "Great American Insurance Company",
        "naicCode": "16691"
    },
    "policySymbol": "CAP",
    "policyNumber": "1234567",
    "policyMod": "12",
    "policyVersion": "12",
    "policyEffectiveDate": "2025-04-25",
    "policyExpirationDate": "2026-04-26",
    "transactionEffectiveDate": "2025-04-25",
    "legalType": "B",
    "businessPolicyholder": {
        "businessName": "PA  TC_07_TTTNF1",
        "fein": "123456789"
    },
    "policyholderAddress": {
        "address1": "32 Main St",
        "address2": "",
        "city": "Smithfield",
        "state": "PA",
        "zip": "15072"
    },
    "registrantList": [{
            "registrantId": 1,
            "sourceSystem": "DMV",
            "actionCode": "A",
            "transactionEffectiveDate": "2025-04-25",
            "legalType": "B",
            "businessRegistrant": {
                "businessName": "GAI New Business",
                "fein": "123456789"
            },
            "registrantAddress": {
                "address1": "123 Main St",
                "address2": "",
                "city": "Test",
                "state": "PA",
                "zip": "15072"
            }
        },
        {
            "registrantId": 2,
            "sourceSystem": "DMV",
            "actionCode": "A",
            "transactionEffectiveDate": "2025-04-25",
            "legalType": "B",
            "individualRegistrant": {
                "firstName": "QA",
                "middleInitial": "T",
                "lastName": "Department",
                "suffix": "III",
                "dob": "2000-05-12",
                "driversLicenseNumber": "P3526781",
                "driversLicenseState": "OH"
            },
            "registrantAddress": {
                "address1": "456 Any St",
                "address2": "Apt 789",
                "city": "Test",
                "state": "OH",
                "zip": "45201"
            }
        }
    ],
    "vehicleList": [{
            "vehicleId": 1,
            "actionCode": "A",
            "sourceSystem": "DMV",
            "transactionEffectiveDate": "2025-04-25",
            "vehicleType": {
                "name": "Truck",
                "code": "T"
            },
            "vin": "TEST0002123456789",
            "year": 2013,
            "make": "Medium",
            "model": "Truck",
            "registrantState": "MA",
            "registrantId": 1,
            "plateType": "AXN",
            "plateNumber": ""
        },
        {
            "vehicleId": 2,
            "actionCode": "A",
            "sourceSystem": "DMV",
            "vehicleType": {
                "name": "Truck",
                "code": "T"
            },
            "vin": "TEST0001123456789",
            "year": 2012,
            "make": "Light",
            "model": "Truck",
            "registrantState": "PA",
            "registrantId": 1,
            "plateNumber": ""
        }
    ],
    "lastUpdatedBy": "00000001111"
}