{
    "businessUnit": "SHS",
    "transactionType": "NB",
    "sourceSystem": "EDW",
    "policyStatus": "INFORCE",
    "companyName": "Great American Insur",
    "naicCode": "16691",
    "policyRowId": 359801,
    "policySymbol": "CAP",
    "policyNumber": "BU02747",
    "policyMod": "00",
    "policyVersion": "00",
    "company": {
        "name": "Great American Insurance Company",
        "naicCode": "16691"
    },
    "policyEffectiveDate": "2024-02-26",
    "policyExpirationDate": "2025-02-25",
    "transactionEffectiveDate": "2024-02-26",
    "transactionRowId": 321008,
    "legalType": "B",
    "businessPolicyholder": {
        "businessName": "PA  TC_07_TTTNF1",
        "fein": "123456789"
    },
    "individualPolicyholder": {
        "firstName": "",
        "middleInitial": "",
        "lastName": "",
        "suffix": "",
        "dob": "",
        "driversLicenseNumber": "",
        "driversLicenseState": ""
    },
    "policyholderAddress": {
        "address1": "32 Main St",
        "address2": "",
        "city": "Smithfield",
        "state": "PA",
        "zip": "15478"
    },
    "registrantList": [{
        "registrantId": 1,
        "registrantRowId": 123456,
        "sourceSystem": "EDW",
        "actionCode": "A",
        "legalType": "B",
        "businessRegistrant": {
            "businessName": "GAI New Business",
            "fein": "123456789"
        },
        "individualRegistrant": {
            "firstName": "",
            "middleInitial": "",
            "lastName": "",
            "suffix": "",
            "dob": "",
            "driversLicenseNumber": "",
            "driversLicenseState": ""
        },
        "registrantAddress": {
            "address1": "123 Main St",
            "address2": "",
            "city": "Test",
            "state": "PA",
            "zip": "15478"
        }
    }],
    "vehicleList": [{
            "vehicleId": 1,
            "vehicleRowId": 1233,
            "actionCode": "A",
            "sourceSystem": "EDW",
            "vehicleCategory": "T",
            "vehicleType": "Truck",
            "vin": "TEST0002123456789",
            "year": 2013,
            "make": "Medium",
            "model": "Truck",
            "registrantState": "PA",
            "registrantId": 1,
            "plateType": "",
            "plateNumber": ""
        },
        {
            "vehicleId": 2,
            "actionCode": "A",
            "sourceSystem": "EDW",
            "vehicleCategory": "T",
            "vehicleType": "Truck",
            "vin": "TEST0001123456789",
            "year": 2012,
            "make": "Light",
            "model": "Truck",
            "registrantState": "PA",
            "registrantId": 1,
            "plateType": "",
            "plateNumber": ""
        }
    ],
    "cancellationReason": "",
    "cancellationReasonDescription": "",
    "nonRenewalReason": "",
    "nonRenewalReasonDescription": "",
    "lastUpdatedBy": ""
}