{
    "businessUnit": {
        "type": "String",
        "isrequired": "required"
    },
    "transactionType": {
        "type": "String",
        "isrequired": "required"
    },
    "sourceSystem": {
        "type": "String",
        "isrequired": "required"
    },
    "policyStatus": {
        "type": "String",
        "isrequired": "required"
    },
    "company": {
        "isrequired": "required",
        "name": {
            "type": "String",
            "isrequired": "required"
        },
        "naicCode": {
            "type": "String",
            "isrequired": "required"
        }
    },
    "policyRowId": {
        "type": "Number",
        "isrequired": "optional"
    },
    "policySymbol": {
        "type": "String",
        "isrequired": "required"
    },
    "policyNumber": {
        "type": "String",
        "isrequired": "required"
    },
    "policyMod": {
        "type": "String",
        "isrequired": "required"
    },
    "policyVersion": {
        "type": "String",
        "isrequired": "required"
    },
    "policyEffectiveDate": {
        "type": "String",
        "isrequired": "required"
    },
    "policyExpirationDate": {
        "type": "String",
        "isrequired": "required"
    },
    "transactionEffectiveDate": {
        "type": "String",
        "isrequired": "required"
    },
    "transactionRowId": {
        "type": "Number",
        "isrequired": "optional"
    },
    "legalType": {
        "type": "String",
        "isrequired": "required"
    },
    "individualPolicyholder": {
        "isrequired": "required",
        "firstName": {
            "type": "String",
            "isrequired": "required"
        },
        "middleInitial": {
            "type": "String",
            "isrequired": "optional"
        },
        "lastName": {
            "type": "String",
            "isrequired": "required"
        },
        "suffix": {
            "type": "String",
            "isrequired": "optional"
        },
        "dob": {
            "type": "String",
            "isrequired": "required"
        },
        "driversLicenseNumber": {
            "type": "String",
            "isrequired": "required"
        },
        "driversLicenseState": {
            "type": "String",
            "isrequired": "required"
        }
    },
    "policyholderAddress": {
        "isrequired": "required",
        "address1": {
            "type": "String",
            "isrequired": "required"
        },
        "address2": {
            "type": "String",
            "isrequired": "optional"
        },
        "city": {
            "type": "String",
            "isrequired": "required"
        },
        "state": {
            "type": "String",
            "isrequired": "required"
        },
        "zip": {
            "type": "String",
            "isrequired": "required"
        }
    },
    "registrantList": {
        "type": "Array",
        "isrequired": "required",
        "items": {
            "registrantId": {
                "type": "Number",
                "isrequired": "required"
            },
            "registrantRowId": {
                "type": "Number",
                "isrequired": "optional"
            },
            "sourceSystem": {
                "type": "String",
                "isrequired": "required"
            },
            "actionCode": {
                "type": "String",
                "isrequired": "required"
            },
            "transactionEffectiveDate": {
                "type": "String",
                "isrequired": "optional"
            },
            "legalType": {
                "type": "String",
                "isrequired": "required"
            },
            "businessRegistrant": {
                "isrequired": "optional",
                "businessName": {
                    "type": "String",
                    "isrequired": "required"
                },
                "fein": {
                    "type": "String",
                    "isrequired": "required"
                }
            },
            "individualRegistrant": {
                "isrequired": "optional",
                "firstName": {
                    "type": "String",
                    "isrequired": "required"
                },
                "middleInitial": {
                    "type": "String",
                    "isrequired": "optional"
                },
                "lastName": {
                    "type": "String",
                    "isrequired": "required"
                },
                "suffix": {
                    "type": "String",
                    "isrequired": "optional"
                },
                "dob": {
                    "type": "String",
                    "isrequired": "required"
                },
                "driversLicenseNumber": {
                    "type": "String",
                    "isrequired": "required"
                },
                "driversLicenseState": {
                    "type": "String",
                    "isrequired": "required"
                }
            },
            "registrantAddress": {
                "isrequired": "required",
                "address1": {
                    "type": "String",
                    "isrequired": "required"
                },
                "address2": {
                    "type": "String",
                    "isrequired": "optional"
                },
                "city": {
                    "type": "String",
                    "isrequired": "required"
                },
                "state": {
                    "type": "String",
                    "isrequired": "required"
                },
                "zip": {
                    "type": "String",
                    "isrequired": "required"
                }
            }
        }
    },
    "vehicleList": {
        "type": "Array",
        "isrequired": "required",
        "items": {
            "vehicleId": {
                "type": "Number",
                "isrequired": "required"
            },
            "vehicleRowId": {
                "type": "Number",
                "isrequired": "optional"
            },
            "actionCode": {
                "type": "String",
                "isrequired": "required"
            },
            "sourceSystem": {
                "type": "String",
                "isrequired": "required"
            },
            "transactionEffectiveDate": {
                "type": "String",
                "isrequired": "optional"
            },
            "vehicleType": {
                "isrequired": "required",
                "name": {
                    "type": "String",
                    "isrequired": "required"
                },
                "code": {
                    "type": "String",
                    "isrequired": "required"
                }
            },
            "vin": {
                "type": "String",
                "isrequired": "required"
            },
            "year": {
                "type": "Number",
                "isrequired": "required"
            },
            "make": {
                "type": "String",
                "isrequired": "required"
            },
            "model": {
                "type": "String",
                "isrequired": "optional"
            },
            "registrantState": {
                "type": "String",
                "isrequired": "required"
            },
            "registrantId": {
                "type": "Number",
                "isrequired": "required"
            },
            "plateType": {
                "type": "String",
                "isrequired": "optional"
            },
            "plateNumber": {
                "type": "String",
                "isrequired": "optional"
            }
        }
    },
    "cancellationReason": {
        "type": "String",
        "isrequired": "optional"
    },
    "reinstatementReason": {
        "type": "String",
        "isrequired": "optional"
    },
    "lastUpdatedBy": {
        "type": "String",
        "isrequired": "required"
    },
    "lastUpdatedDate": {
        "type": "String",
        "isrequired": "optional"
    }
}